ID,Accession,Collection_date,Lineage,Clade,LocationCountry,Gender,Age,Status,YEAR,MONTH,DAY,S:N501Y,S:E484K,S:R346K,S:P681H,Coverage,Department
hCoV-19/Colombia/AMA-INS-LET-2-013/2021|EPI_ISL_1820959|2021-03-12,EPI_ISL_1820959,12/03/2021,B.1.621,GH,Colombia,Male,27,Live,2021,3,12,1,1,0,1,85,Amazonas
hCoV-19/Colombia/ANT-CWOHC-VG-SEC00108D/2021,EPI_ISL_1824702,3/03/2021,B.1.621,GH,Colombia,Male,58,Live,2021,3,3,1,1,1,1,87,Antioquia
hCoV-19/Colombia/ANT-CWOHC-VG-SEC00109E/2021,EPI_ISL_1824703,8/03/2021,B.1.621,G,Colombia,Female,60,Live,2021,3,8,1,1,1,1,91,Antioquia
hCoV-19/Colombia/ANT-CWOHC-VG-SEC00167K/2021,EPI_ISL_1824706,26/03/2021,B.1.621,G,Colombia,Male,29,Live,2021,3,26,1,1,1,1,78,Antioquia
hCoV-19/Colombia/ANT-CWOHC-VG-SEC00189G/2021,EPI_ISL_1824711,9/03/2021,B.1.621,GH,Colombia,Female,43,Live,2021,3,9,1,1,1,1,77,Antioquia
hCoV-19/Colombia/ANT-CWOHC-VG-SEC00191I/2021,EPI_ISL_1824712,10/03/2021,B.1.621,GH,Colombia,Female,28,Live,2021,3,10,1,1,1,1,81,Antioquia
hCoV-19/Colombia/ANT-CWOHC-VG-SEC00192J/2021,EPI_ISL_1824713,10/03/2021,B.1.621,GH,Colombia,Female,18,Live,2021,3,10,1,1,1,1,74,Antioquia
hCoV-19/Colombia/ANT-CWOHC-VG-SEC00195M/2021,EPI_ISL_1824714,23/03/2021,B.1.621,GH,Colombia,Male,22,Live,2021,3,23,1,1,0,1,72,Antioquia
hCoV-19/Colombia/ARA-INS-VG-2146/2021|EPI_ISL_1821069|2021-04-08,EPI_ISL_1821069,8/04/2021,B.1.621,GH,Colombia,Female,50,Live,2021,4,8,1,1,1,1,98,Arauca
hCoV-19/Colombia/ATL-INS-VG-1513/2021|EPI_ISL_1582996|2021-03-15,EPI_ISL_1582996,15/03/2021,B.1.621,GH,Colombia,Female,72,Live,2021,3,15,1,1,1,1,82,Atlantico
hCoV-19/Colombia/ATL-INS-VG-1626/2021|EPI_ISL_1820932|2021-03-04,EPI_ISL_1820932,4/03/2021,B.1.621,GH,Colombia,Female,40,Live,2021,3,4,1,1,1,1,92,Atlantico
hCoV-19/Colombia/ATL-INS-VG-1632/2021|EPI_ISL_1820929|2021-03-03,EPI_ISL_1820929,3/03/2021,B.1.621,GH,Colombia,Female,51,Live,2021,3,3,1,1,1,1,98,Atlantico
hCoV-19/Colombia/ATL-INS-VG-1633/2021|EPI_ISL_1820927|2021-03-04,EPI_ISL_1820927,4/03/2021,B.1.621,GH,Colombia,Male,32,Live,2021,3,4,1,1,1,1,97,Atlantico
hCoV-19/Colombia/ATL-INS-VG-1634/2021|EPI_ISL_1820930|2021-03-03,EPI_ISL_1820930,3/03/2021,B.1.621,GH,Colombia,Male,83,Live,2021,3,3,1,1,1,1,90,Atlantico
hCoV-19/Colombia/ATL-INS-VG-1952/2021|EPI_ISL_1821062|2021-04-08,EPI_ISL_1821062,8/04/2021,B.1.621,GH,Colombia,Female,26,Live,2021,4,8,1,1,1,1,98,Atlantico
hCoV-19/Colombia/ATL-INS-VG-1953/2021|EPI_ISL_1821063|2021-04-07,EPI_ISL_1821063,7/04/2021,B.1.621,GH,Colombia,Male,35,Live,2021,4,7,1,1,1,1,99,Atlantico
hCoV-19/Colombia/ATL-INS-VG-1954/2021|EPI_ISL_1821064|2021-04-08,EPI_ISL_1821064,8/04/2021,B.1.621,GH,Colombia,Male,35,Live,2021,4,8,1,1,1,1,99,Atlantico
hCoV-19/Colombia/ATL-INS-VG-1955/2021|EPI_ISL_1821065|2021-04-12,EPI_ISL_1821065,12/04/2021,B.1.621,GH,Colombia,Male,52,Live,2021,4,12,1,1,1,1,99,Atlantico
hCoV-19/Colombia/BOL-INS-VG-1976/2021|EPI_ISL_1820942|2021-04-05,EPI_ISL_1820942,5/04/2021,B.1.621,GH,Colombia,Male,34,Live,2021,4,5,1,1,0,1,72,Bolivar
hCoV-19/Colombia/BOL-INS-VG-1980/2021|EPI_ISL_1820936|2021-04-08,EPI_ISL_1820936,8/04/2021,B.1.621,GH,Colombia,Female,65,Live,2021,4,8,1,1,1,1,94,Bolivar
hCoV-19/Colombia/BOL-INS-VG-1983/2021|EPI_ISL_1820948|2021-04-08,EPI_ISL_1820948,8/04/2021,B.1.621,GH,Colombia,Male,11,Live,2021,4,8,1,1,0,1,78,Bolivar
hCoV-19/Colombia/BOL-INS-VG-1984/2021|EPI_ISL_1632530|2021-04-08,EPI_ISL_1632530,8/04/2021,B.1.621,GH,Colombia,Male,23,Live,2021,4,8,0,0,0,0,87,Bolivar
hCoV-19/Colombia/BOL-INS-VG-1985/2021|EPI_ISL_1820931|2021-04-08,EPI_ISL_1820931,8/04/2021,B.1.621,GH,Colombia,Male,20,Live,2021,4,8,1,1,1,1,90,Bolivar
hCoV-19/Colombia/BOL-INS-VG-1989/2021|EPI_ISL_1820935|2021-03-21,EPI_ISL_1820935,21/03/2021,B.1.621,GH,Colombia,Female,71,Live,2021,3,21,1,1,1,1,94,Bolivar
hCoV-19/Colombia/BOL-INS-VG-1992/2021|EPI_ISL_1820925|2021-03-23,EPI_ISL_1820925,23/03/2021,B.1.621,GH,Colombia,Male,21,Live,2021,3,23,1,1,1,1,95,Bolivar
hCoV-19/Colombia/BOL-INS-VG-1993/2021|EPI_ISL_1820950|2021-03-23,EPI_ISL_1820950,23/03/2021,B.1.621,GH,Colombia,Female,62,Live,2021,3,23,1,1,0,1,78,Bolivar
hCoV-19/Colombia/BOL-INS-VG-1995/2021|EPI_ISL_1820943|2021-03-26,EPI_ISL_1820943,26/03/2021,B.1.621,GH,Colombia,Female,30,Live,2021,3,26,1,1,0,1,72,Bolivar
hCoV-19/Colombia/BOL-INS-VG-2002/2021|EPI_ISL_1820954|2021-03-30,EPI_ISL_1820954,30/03/2021,B.1.621,GH,Colombia,Male,56,Live,2021,3,30,1,1,1,1,81,Bolivar
hCoV-19/Colombia/BOL-INS-VG-2004/2021|EPI_ISL_1821882|2021-03-31,EPI_ISL_1821882,31/03/2021,B.1.621,GH,Colombia,Female,42,Live,2021,3,31,1,1,0,1,60,Bolivar
hCoV-19/Colombia/BOL-INS-VG-2008/2021|EPI_ISL_1820939|2021-03-31,EPI_ISL_1820939,31/03/2021,B.1.621,GH,Colombia,Male,48,Live,2021,3,31,1,1,0,1,68,Bolivar
hCoV-19/Colombia/BOL-INS-VG-2031/2021|EPI_ISL_1820960|2021-04-06,EPI_ISL_1820960,6/04/2021,B.1.621,GH,Colombia,Male,64,Live,2021,4,6,1,1,1,1,87,Bolivar
hCoV-19/Colombia/CAQ-INS-VG-2179/2021|EPI_ISL_1821070|2021-04-04,EPI_ISL_1821070,4/04/2021,B.1.621,GH,Colombia,Female,24,Live,2021,4,4,1,1,1,1,98,Caqueta
hCoV-19/Colombia/CAS-INS-VG-1930/2021|EPI_ISL_1820947|2021-03-25,EPI_ISL_1820947,25/03/2021,B.1.621,GH,Colombia,Male,40,Live,2021,3,25,1,1,0,1,76,Casanare
hCoV-19/Colombia/DC-INS-VG-1512/2021|EPI_ISL_1820934|2021-03-15,EPI_ISL_1820934,15/03/2021,B.1.621,GH,Colombia,Male,87,Live,2021,3,15,1,1,0,1,93,Bogota
hCoV-19/Colombia/DC-INS-VG-1525/2021|EPI_ISL_1820928|2021-03-14,EPI_ISL_1820928,14/03/2021,B.1.621,GH,Colombia,Female,43,Live,2021,3,14,1,1,1,1,98,Bogota
hCoV-19/Colombia/DC-INS-VG-2114/2021|EPI_ISL_1820962|2021-04-12,EPI_ISL_1820962,12/04/2021,B.1.621,GH,Colombia,Male,52,Live,2021,4,12,1,1,1,1,99,Bogota
hCoV-19/Colombia/DC-INS-VG-2115/2021|EPI_ISL_1821066|2021-04-12,EPI_ISL_1821066,12/04/2021,B.1.621,GH,Colombia,Female,73,Live,2021,4,12,1,1,1,1,97,Bogota
hCoV-19/Colombia/DC-INS-VG-2117/2021|EPI_ISL_1821067|2021-04-12,EPI_ISL_1821067,12/04/2021,B.1.621,GH,Colombia,Male,75,Live,2021,4,12,1,1,1,1,97,Bogota
hCoV-19/Colombia/DC-INS-VG-2118/2021|EPI_ISL_1821068|2021-04-13,EPI_ISL_1821068,13/04/2021,B.1.621,GH,Colombia,Male,60,Live,2021,4,13,1,1,1,1,92,Bogota
hCoV-19/Colombia/HUI-INS-VG-2134/2021|EPI_ISL_1820965|2021-03-31,EPI_ISL_1820965,31/03/2021,B.1.621,GH,Colombia,Male,85,Live,2021,3,31,1,1,1,1,90,Huila
hCoV-19/Colombia/LAG-INS-VG-1399/2021|EPI_ISL_1582978|2021-02-26,EPI_ISL_1582978,26/02/2021,B.1.621,GH,Colombia,Female,11,Live,2021,2,26,1,1,1,1,94,LaGuajira
hCoV-19/Colombia/LAG-INS-VG-1400/2021|EPI_ISL_1582979|2021-03-02,EPI_ISL_1582979,2/03/2021,B.1.621,GH,Colombia,Female,22,Live,2021,3,2,1,1,1,1,92,LaGuajira
hCoV-19/Colombia/LAG-INS-VG-1401/2021|EPI_ISL_1582980|2021-02-21,EPI_ISL_1582980,21/02/2021,B.1.621,GH,Colombia,Female,58,Live,2021,2,21,1,1,1,1,98,LaGuajira
hCoV-19/Colombia/MAG-INS-VG-1330/2021|EPI_ISL_1424054|2021-02-26,EPI_ISL_1424054,26/02/2021,B.1.621,GH,Colombia,Female,52,Live,2021,2,26,1,1,0,1,75,Magdalena
hCoV-19/Colombia/MAG-INS-VG-1331/2021|EPI_ISL_1424055|2021-02-27,EPI_ISL_1424055,27/02/2021,B.1.621,G,Colombia,Male,56,Live,2021,2,27,1,1,0,1,85,Magdalena
hCoV-19/Colombia/MAG-INS-VG-1332/2021|EPI_ISL_1424056|2021-02-26,EPI_ISL_1424056,26/02/2021,B.1.621,G,Colombia,Female,41,Live,2021,2,26,1,1,0,1,71,Magdalena
hCoV-19/Colombia/MAG-INS-VG-1346/2021|EPI_ISL_1424057|2021-03-05,EPI_ISL_1424057,5/03/2021,B.1.621,GH,Colombia,Female,21,Live,2021,3,5,1,1,0,1,79,Magdalena
hCoV-19/Colombia/MAG-INS-VG-1347/2021|EPI_ISL_1424058|2021-03-05,EPI_ISL_1424058,5/03/2021,B.1.621,GH,Colombia,Male,18,Live,2021,3,5,1,1,0,1,78,Magdalena
hCoV-19/Colombia/MAG-INS-VG-1588/2021|EPI_ISL_1820926|2021-02-26,EPI_ISL_1820926,26/02/2021,B.1.621,GH,Colombia,Male,60,Live,2021,2,26,1,1,1,1,95,Magdalena
hCoV-19/Colombia/MAG-INS-VG-1603/2021|EPI_ISL_1582984|2021-03-08,EPI_ISL_1582984,8/03/2021,B.1.621,GH,Colombia,Female,53,Live,2021,3,8,0,0,0,1,82,Magdalena
hCoV-19/Colombia/MAG-INS-VG-1609/2021|EPI_ISL_1582986|2021-03-11,EPI_ISL_1582986,11/03/2021,B.1.621,GH,Colombia,Male,49,Live,2021,3,11,0,0,0,1,85,Magdalena
hCoV-19/Colombia/MAG-INS-VG-1619/2021|EPI_ISL_1582988|2021-03-15,EPI_ISL_1582988,15/03/2021,B.1.621,GH,Colombia,Male,1,Live,2021,3,15,1,1,1,1,94,Magdalena
hCoV-19/Colombia/MAG-INS-VG-1622/2021|EPI_ISL_1582989|2021-03-17,EPI_ISL_1582989,17/03/2021,B.1.621,GH,Colombia,Female,75,Live,2021,3,17,1,1,1,1,94,Magdalena
hCoV-19/Colombia/MAG-INS-VG-1624/2021|EPI_ISL_1582990|2021-03-08,EPI_ISL_1582990,8/03/2021,B.1.621,GH,Colombia,Male,34,Live,2021,3,8,1,1,1,1,96,Magdalena
hCoV-19/Colombia/MAG-INS-VG-1639/2021|EPI_ISL_1582991|2021-03-06,EPI_ISL_1582991,6/03/2021,B.1.621,GH,Colombia,Male,34,Live,2021,3,6,1,1,1,1,91,Magdalena
hCoV-19/Colombia/MAG-INS-VG-1642/2021|EPI_ISL_1582992|2021-03-08,EPI_ISL_1582992,8/03/2021,B.1.621,GH,Colombia,Female,43,Live,2021,3,8,1,1,1,1,95,Magdalena
hCoV-19/Colombia/MAG-INS-VG-1644/2021|EPI_ISL_1582993|2021-02-27,EPI_ISL_1582993,27/02/2021,B.1.621,GH,Colombia,Female,25,Live,2021,2,27,1,1,1,1,91,Magdalena
hCoV-19/Colombia/MAG-INS-VG-1646/2021|EPI_ISL_1582994|2021-03-10,EPI_ISL_1582994,10/03/2021,B.1.621,GH,Colombia,Male,63,Live,2021,3,10,1,1,1,1,97,Magdalena
hCoV-19/Colombia/MAG-INS-VG-1933/2021|EPI_ISL_1820944|2021-03-24,EPI_ISL_1820944,24/03/2021,B.1.621,GH,Colombia,Male,16,Live,2021,3,24,1,1,0,1,72,Magdalena
hCoV-19/Colombia/MAG-INS-VG-1936/2021|EPI_ISL_1820955|2021-03-19,EPI_ISL_1820955,19/03/2021,B.1.621,GH,Colombia,Female,41,Live,2021,3,19,1,1,1,1,82,Magdalena
hCoV-19/Colombia/MAG-INS-VG-482/2021|EPI_ISL_1220045|2021-01-11,EPI_ISL_1220045,11/01/2021,B.1.621,GH,Colombia,Female,unknown,unknown,2021,1,11,1,1,1,1,97,Magdalena
hCoV-19/Colombia/NSA-INS-VG-1687/2021|EPI_ISL_1582981|2021-03-10,EPI_ISL_1582981,10/03/2021,B.1.621,GH,Colombia,Male,33,Live,2021,3,10,1,1,1,1,88,NortedeSantander
hCoV-19/Colombia/NSA-INS-VG-1909/2021|EPI_ISL_1820946|2021-03-27,EPI_ISL_1820946,27/03/2021,B.1.621,GH,Colombia,Male,58,Live,2021,3,27,1,1,0,1,73,NortedeSantander
hCoV-19/Colombia/SAN-INS-VG-2181/2021|EPI_ISL_1821071|2021-04-11,EPI_ISL_1821071,11/04/2021,B.1.621,GH,Colombia,Male,20,Live,2021,4,11,1,1,1,1,98,Santander
hCoV-19/Colombia/SAN-INS-VG-2182/2021|EPI_ISL_1821072|2021-04-11,EPI_ISL_1821072,11/04/2021,B.1.621,GH,Colombia,Female,23,Live,2021,4,11,1,1,1,1,90,Santander
hCoV-19/Colombia/SAN-INS-VG-2187/2021|EPI_ISL_1821073|2021-04-08,EPI_ISL_1821073,8/04/2021,B.1.621,GH,Colombia,Male,34,Live,2021,4,8,1,1,1,1,97,Santander
hCoV-19/Colombia/SAN-INS-VG-2188/2021|EPI_ISL_1821074|2021-04-08,EPI_ISL_1821074,8/04/2021,B.1.621,GH,Colombia,Male,76,Live,2021,4,8,1,1,1,1,98,Santander
hCoV-19/Colombia/SAN-INS-VG-2189/2021|EPI_ISL_1821075|2021-04-05,EPI_ISL_1821075,5/04/2021,B.1.621,GH,Colombia,Female,85,Live,2021,4,5,1,1,1,1,97,Santander
hCoV-19/Colombia/SAN-INS-VG-2191/2021|EPI_ISL_1820967|2021-04-08,EPI_ISL_1820967,8/04/2021,B.1.621,GH,Colombia,Male,28,Live,2021,4,8,1,1,1,1,93,Santander
hCoV-19/Colombia/SAN-INS-VG-2192/2021|EPI_ISL_1820968|2021-04-08,EPI_ISL_1820968,8/04/2021,B.1.621,GH,Colombia,Male,41,Live,2021,4,8,1,1,1,1,93,Santander
hCoV-19/Colombia/SAN-INS-VG-2193/2021|EPI_ISL_1821076|2021-04-08,EPI_ISL_1821076,8/04/2021,B.1.621,GH,Colombia,Female,18,Live,2021,4,8,1,1,1,1,97,Santander
hCoV-19/Colombia/SAN-INS-VG-2194/2021|EPI_ISL_1821077|2021-04-09,EPI_ISL_1821077,9/04/2021,B.1.621,GH,Colombia,Female,11,Live,2021,4,9,1,1,1,1,91,Santander
hCoV-19/Colombia/VAC-INS-VG-1491/2021|EPI_ISL_1820958|2021-03-05,EPI_ISL_1820958,5/03/2021,B.1.621,GH,Colombia,Female,34,Live,2021,3,5,1,1,0,1,85,ValledelCauca
hCoV-19/Colombia/VID-INS-VG-1737/2021|EPI_ISL_1582997|2021-03-24,EPI_ISL_1582997,24/03/2021,B.1.621,GH,Colombia,Male,32,unknown,2021,3,24,1,1,1,1,88,Vichada
hCoV-19/Colombia/VID-INS-VG-1742/2021|EPI_ISL_1582987|2021-03-24,EPI_ISL_1582987,24/03/2021,B.1.621,GH,Colombia,Male,26,unknown,2021,3,24,1,1,1,1,99,Vichada
hCoV-19/Colombia/VID-INS-VG-1920/2021|EPI_ISL_1820949|2021-03-24,EPI_ISL_1820949,24/03/2021,B.1.621,GH,Colombia,Male,20,Live,2021,3,24,1,1,0,1,78,Vichada
hCoV-19/Spain/MD-HGUGM-21123720/2021|EPI_ISL_1401468|2021-03-13,EPI_ISL_1401468,13/03/2021,B.1.621,GH,EuropeSpain,Female,34,unknown,2021,3,13,1,1,1,1,99,unknown
hCoV-19/Spain/MD-HGUGM-21136622/2021|EPI_ISL_1401469|2021-03-22,EPI_ISL_1401469,22/03/2021,B.1.621,GH,EuropeSpain,Male,25,unknown,2021,3,22,1,1,1,1,100,unknown
hCoV-19/Spain/MD-HGUGM-21158634/2021|EPI_ISL_1647948|2021-04-08,EPI_ISL_1647948,8/04/2021,B.1.621,GH,EuropeSpain,Male,50,unknown,2021,4,8,1,1,1,1,99,unknown
hCoV-19/Spain/MD-HGUGM-21164038/2021|EPI_ISL_1647956|2021-04-09,EPI_ISL_1647956,9/04/2021,B.1.621,GH,EuropeSpain,Male,35,unknown,2021,4,9,1,1,1,1,100,unknown
hCoV-19/Spain/MD-HGUGM-21164489/2021|EPI_ISL_1647949|2021-04-10,EPI_ISL_1647949,10/04/2021,B.1.621,GH,EuropeSpain,Female,7,unknown,2021,4,10,1,1,1,1,100,unknown
hCoV-19/USA/AZ-CDC-QDX23453406/2021|EPI_ISL_1582005|2021-03-29,EPI_ISL_1582005,29/03/2021,B.1.621,GH,NorthAmericaUSA,Female,37,unknown,2021,3,29,1,1,1,1,100,unknown
hCoV-19/USA/CA-CDC-STM-000044729/2021|EPI_ISL_1581369|2021-03-28,EPI_ISL_1581369,28/03/2021,B.1.621,GH,NorthAmericaUSA,Female,25,unknown,2021,3,28,1,1,1,1,100,unknown
hCoV-19/USA/MD-HP04670/2021|EPI_ISL_1663013|2021-04-12,EPI_ISL_1663013,12/04/2021,B.1.621,GH,NorthAmericaUSA,Male,61,unknown,2021,4,12,1,1,1,1,100,unknown
hCoV-19/USA/MI-UM-10039251404/2021|EPI_ISL_1753673|2021-04-13,EPI_ISL_1753673,13/04/2021,B.1.621,GH,NorthAmericaUSA,unknown,unknown,unknown,2021,4,13,1,1,1,1,95,unknown
hCoV-19/USA/NJ-CDC-ASC210006835/2021|EPI_ISL_1562674|2021-03-14,EPI_ISL_1562674,14/03/2021,B.1.621,GH,NorthAmericaUSA,Male,40,unknown,2021,3,14,0,0,1,1,91,unknown
hCoV-19/USA/NY-PRL-2021_03_24_00P15/2021|EPI_ISL_1385573|2021-03-23,EPI_ISL_1385573,23/03/2021,B.1.621,GH,NorthAmericaUSA,Female,19,unknown,2021,3,23,1,1,1,1,99,unknown
hCoV-19/USA/NY-PRL-2021_0405_00N23/2021|EPI_ISL_1542954|2021-03-31,EPI_ISL_1542954,31/03/2021,B.1.621,GH,NorthAmericaUSA,Female,37,unknown,2021,3,31,1,1,1,1,100,unknown
hCoV-19/USA/NY-PRL-2021_0409_00G23/2021|EPI_ISL_1543900|2021-04-07,EPI_ISL_1543900,7/04/2021,B.1.621,GH,NorthAmericaUSA,Female,26,unknown,2021,4,7,1,1,1,1,100,unknown